{"sections":{"main":{"type":"shop-shell","settings":{"hero_title":"Unisex clothing designed & made in Los Angeles.","hero_sub":"Clean shapes, durable fabrics, and thoughtful color blocking. Explore the collection below.","hero_image":"shopify:\/\/shop_images\/L1110451.jpg","cta_label":"Shop the Collection","cta_link":"shopify:\/\/collections\/all","cat_label":"Categories","cat_text":"<p>Pre-Fall '25, Bags, Long Sleeves, T-Shirts.<\/p>","featured_title":"Featured products","featured_collection":"","about_k1":"Approach","about_v1":"<p>Simple silhouettes, utility-minded details, and materials chosen to last. Photography-forward layout puts fabric and construction first.<\/p>","about_k2":"Newsletter","about_v2":"<p>Exclusive access to process and work-in-progress — Join the LOU community.<\/p>","footer_line":"Contact · Return & exchange policy · Terms · Privacy policy","footer_small":"© 2025, Lou Equipment."}}},"order":["main"]}