{"current":{"order":["main"],"theme_settings":{},"sections":{"menu":{"type":"menu","blocks":{"link_dYJiPW":{"type":"link","settings":{"label":"SHOP ALL","link":"shopify:\/\/pages\/shopallrt2","highlight":false}},"link_Pz9tFx":{"type":"link","settings":{"label":"T-SHIRTS","link":"shopify:\/\/pages\/shopallrt2","highlight":false}},"link_RxgaY7":{"type":"link","settings":{"label":"LONG SLEEVES","link":"shopify:\/\/pages\/shopallrt2","highlight":false}},"link_CQpnHk":{"type":"link","settings":{"label":"COLLABORATIONS","link":"shopify:\/\/pages\/contact","highlight":false}},"link_XMeWK6":{"type":"link","settings":{"label":"CONNECT","link":"shopify:\/\/pages\/connect","highlight":true}}},"block_order":["link_dYJiPW","link_Pz9tFx","link_RxgaY7","link_CQpnHk","link_XMeWK6"],"settings":{}},"landing-header":{"type":"landing-header","settings":{"logo":"shopify:\/\/shop_images\/louWHITE.png","headline":"FALL 2025 COLLECTION AVAILABLE NOW","shop_menu":"main-menu","connect_menu":"footer"}},"connect-flyout":{"type":"connect-flyout","settings":{"connect_menu":"footer"}},"mobile-bottom-nav":{"type":"mobile-bottom-nav","settings":{"mobile_menu":"","mobile_shop_menu":"","mobile_connect_menu":"footer"}},"menu-overlay-inner":{"type":"menu-overlay-inner","settings":{"inner_menu":"main-menu"}},"global-header":{"type":"global-header","settings":{"logo":"shopify:\/\/shop_images\/L-EQPT_LOGO_TRANSPARENT_WHITE.png","headline":"FALL 2025 COLLECTION AVAILABLE NOW","shop_menu":"main-menu"}},"lou-hero":{"type":"lou-hero","settings":{"hero_image":"shopify:\/\/shop_images\/theme_cover_image.jpg"}}},"content_for_index":[]}}